1	选择珠江花园的原因就是方便，有电动扶梯直接到达海边，周围餐馆、食廊、商场、超市、摊位一应俱全。酒店装修一般，但还算整洁。 泳池在大堂的屋顶，因此很小，不过女儿倒是喜欢。 包的早餐是西式的，还算丰富。 服务吗，一般
1	15.4寸笔记本的键盘确实爽，基本跟台式机差不多了，蛮喜欢数字小键盘，输数字特方便，样子也很美观，做工也相当不错
0	房间太小。其他的都一般。。。。。。。。。
0	1.接电源没有几分钟,电源适配器热的不行. 2.摄像头用不起来. 3.机盖的钢琴漆，手不能摸，一摸一个印. 4.硬盘分区不好办.
1	今天才知道这书还有第6卷,真有点郁闷:为什么同一套书有两种版本呢?当当网是不是该跟出版社商量商量,单独出个第6卷,让我们的孩子不会有所遗憾。
0	机器背面似乎被撕了张什么标签，残胶还在。但是又看不出是什么标签不见了，该有的都在，怪
0	呵呵，虽然表皮看上去不错很精致，但是我还是能看得出来是盗的。但是里面的内容真的不错，我妈爱看，我自己也学着找一些穴位。
0	这本书实在是太烂了,以前听浙大的老师说这本书怎么怎么不对,哪些地方都是误导的还不相信,终于买了一本看一下,发现真是~~~无语,这种书都写得出来
1	地理位置佳，在市中心。酒店服务好、早餐品种丰富。我住的商务数码房电脑宽带速度满意,房间还算干净，离湖南路小吃街近。
1	5.1期间在这住的，位置还可以，在市委市政府附近，要去商业区和步行街得打车，屋里有蚊子，虽然空间挺大，晚上熄灯后把窗帘拉上简直是伸手不见五指，很适合睡觉，但是会被该死的蚊子吵醒！打死了两只，第二天早上还是发现又没打死的，卫生间挺大，但是设备很老旧。
0	我看过朋友的还可以，但是我订的书迟迟未到已有半个月，都没有收到打电话也没有用，以后你们订书一定要考虑好！当当实在是太慢了
1	还不错，设施稍微有点旧但是可以接收，但是606的价格还不含早餐有点高了。楼下的商场和超市很方便。下次来还会选择这家。
1	轻便，方便携带，性能也不错，能满足平时的工作需要，对出差人员来说非常不错
1	入住的是度假区的豪华海景房,前台给了5楼(最高6楼),然后差不多100%的海景,虽然是挂牌5星的,但是本人觉得是4星的标准,和我后来入住的5星喜来登差了蛮多的,不过整体来说还是符合他家的价钱的.
0	1.模具有摄像头的位置，但是没有摄像头。 2.做工一般。 3.说明书和驱动都是电子版。 4.没有预装XP系统。
0	送的内胆包有点不好，还有外接电源中间连接处无法全部插入。续航时间也没有标称的那么长，希望京东能注意宣传的真实性。
1	这是我第1次给全五星哦^_^超级快!这是最快收到书的一次了.我是中午的时候订的,结果第2天上午就收到了,算了一下,1天的时间都还没到呢!在此,感激下当当的服务...我的确是很急需这本书呢.关于书的本身,也很不错.内容还是很丰富的,值得推荐,对于训练和培养逻辑思维套式有一定的帮助,推荐一下~还有祝朋友们都面试成功,哈哈哈~
0	很好的地理位置，一蹋糊涂的服务，萧条的酒店。
1	漂亮（老婆认为的），性价比高。电池很棒，能用4～6个小时，兼容性还行，拿到手直接重装了WIN7，基本不需要任何驱动，除了快捷键。
0	内存太小，偶配了2根“金条”，目前兼容。但不知道是内存不兼容还是什么，有时会听到硬盘“咔咔”运行的声音。预置系统下Office是2007试用版，偶自装2003，则每次启动弹出正版增值计划窗口，很麻烦！
1	非常不错，服务很好，位于市中心区，交通方便，不过价格也高！
1	两岁的儿子特别喜欢车,尤其是火车，于是在朋友推荐下我买了一套。没想到孩子特别喜欢，尤其是第一本《轱辘轱辘转》，天天睡觉前都要把书抱到床上看。他会不停的问我“这是什么车？”，“这是什么车？”。现在已经把第一本书都翻烂了。走在路上，看到车时，他会非常兴奋的告诉我“妈妈，水泥搅拌车！”。书中各种各样的车，给了孩子很多想像的空间，而且这是我第一次在当当上买书就非常的成功，不错，下次还来。
0	书看到最后几页居然是?双眼皮?,所有的字都印成了两遍头，根本就不能看。书的质量实在太差.
0	有些东西不赞同，事后的捷径，不过如此，年青人该经历的还是要去体验，否则拥有后还会抛弃，因为那不是他自己选择过的，所以此书可是说有误导成分
0	我去官网下了最新的XP驱动，结果声卡装好了，有声音了，接着装显卡，装完显卡，电脑就没声音了，一共装了四次，第三次才发现显卡驱动和声卡驱动冲突， 然后在官网下了前一个显卡驱动，终于搞定了，没有冲突
1	是一个朋友送给我的，如今我又在把它推荐给其他朋友。是它为我打开了一扇门，通向图画书的宫殿的门。就连我这个所谓的教育工作者也要感叹自己的无知。感谢作者告诉了我们世界上有这么多的好的图画书。我给晓晓买的图画书都是这样按图索骥买来的，本本都让她爱不释手！当然了，现在还发现了它另外一个妙用：省钱。哈哈，试想，把那里面的书都买下来要多少钱啊？嘿嘿，我不做傻瓜。就这样讲故事，也不错。
0	跟住招待所没什么太大区别。 绝对不会再住第2次的酒店！
0	差得要命,很大股霉味,勉强住了一晚,第二天大早赶紧溜
0	1.上了半天网，都上不去，问酒店，答曰坏了。气愤！ 2.晚上入住适逢变天，天气变冷，开了半天空调，竟然还是冷风，问酒店，答曰晚上关空调。晕！床上只有一床单被，到处找被子，无。问酒店要，半小时催了三次电话才来。还是冷，要求在加一床被子，服务员去后再也没回，打到总台，又等了半天，回复没被子了。不把顾客当人啊。 3.一晚没睡成，凌晨5点多，被不知道哪里来的低沉的轰鸣声吵醒。在房间找了半天没查出哪里来得声音，叫来服务员，（半小时催了三四次才来，人都要疯掉）。六点多服务员才来，也解决不了。就这么一夜没睡。买气受来了。 4.到总台要求当班经理来解释，换了几个人来，说了几遍，酒店不断去落实事情真相，最后才来一个自称客服经理的，说却有其事，表示道歉，做了一小时的冷板凳，一口热水没喝，口都讲干了。这就是他们的诚意。 总结：硬件老旧，服务太差。
1	拿回家的那天，我女儿第一时间要我给她讲完6本故事！累死我了。因为有第一套“神奇校车”，小家伙都很喜欢。但是，我个人认为，这一套没有第一套好看，人物画得和第一套有点差别，有时候故事衔接不上，感觉不是正版或不是一个时间翻译出来的版本一样。总之没有第一套好看，对于5岁的孩子来说，内容有点深了，不够第一套吸引人。但是总体来说还是很好的，也许放到大一点再读是不是不一样呢？
0	没有比这更差的酒店了。房间灯光暗淡，空调无法调节，前台服务僵化。用早餐时，服务员居然叫我回房间把拖鞋换成皮鞋再下来，到底谁是上帝，这家酒店的老总应该马上辞职。建议大家不要住这家酒店，有被骗的感觉！
0	语言轻松幽默，阅读起来让人心情大好，内容实用，但是不喜欢把博客回复内容以及跟读者互动的话题全部照搬上来。感觉比较杂乱。
1	acer的品质、服务都很不错，而且本品很超值。样子也算漂亮，基本性能只要不玩大游戏全能应付。
0	不是电脑高手千万别买，没有windows系统，而且主板和bios有很多限制 导致不能顺利安装windows 我搞了一天 才勉强搞定，要不是曾经搞过一段时间计算机 还真搞不定这个机器。
0	我家宝宝快两岁了，这套书对于她来说太简单了，没有吸引力，我是看了大家的评论才买的，不太理想。
1	桐华的书貌似我都看过了，都好喜欢，而且都那么紧张，让人沉沦，每次看了都不想放下，这次也是，3本书几个晚上就看完了，都熬到12点多实在不行，早上要早起上班，只能睡觉。情节很吸引，云歌我不知道这样算不算一个好结局，但是在我看来这个结局还是挺完美的。虽然不是大团圆，至少很符合人的心理！对于刘弗陵和云歌的爱情，中间还让我哭几次，可怜的人（但无可恨）……喜欢~值得一看
1	我住的是特色标间，所谓特色，是有些类似家的感觉。寝具不是单调的白色，是条纹和大格子的，感觉很温馨。圈儿椅的靠垫是卡通的加菲猫头，明黄的颜色有点扎眼，和周围配在一起感觉有点不协调。 客房硬件评价3.5分。加湿器、烫衣板、电熨斗、吹风机、小冰箱等俱全。缺点：液晶电视固定在墙上，位置不好。一是遮挡了一个电源插座；二是与桌子搭配不当。桌子（与冰箱柜一体）在电视下方，如果坐在桌子旁上网或工作学习，正好挡住了电视屏幕。错开坐，正好是冰箱柜，腿脚伸不开。
1	我是法语初学者,学了78个课时的初级班.因为我是老年人,法语又难,我只有再从头自学巩固一遍,然后准备报中级班.我们学的教材是孙辉老师的.买本练习答案对自学和检查做习题的正确性是非常必要的.而且孙辉老师的教材在网上还有视频,对我们学习法语有很大的帮助.孙辉老师的教材编写得很好,我向学法语的朋友推荐.我想学好了上下册,再结合(走遍法国)的阅读和学习,会达到我们预期的愿望.这仅只是个人看法,
1	房间较小,但挺干凈,另外空调噪声较大,晚上睡觉还是有点吵. 早餐是自助餐,挺丰富! 总体感觉不错!
0	价格还可以再往下一点(港行这个价钱可是双电+内包+xp),3芯电池有点小,1g内存有点小,最重要的是分辨率是1024*576,这个有点烦
1	这家YMCA非常好，还主动帮我们升级房间，住起又棒又舒适，地点也很方便，服务又好，号称香港物美价优第一流的YMCA，值得大家推荐。
1	LED屏就是爽，基本硬件配置都很均衡，镜面考漆不错，小黑，我喜欢。
0	一翻开这本书，就让人想起韩剧里头那些不温不火絮絮叨叨的韩国女人，可能这就是文化差异吧
0	破酒店上网慢的一踏糊涂。网卡只有10M的连接速度。什么年代了。还用这么慢的交换机。会还有早餐难吃的要死。没什么东西吃的。连煎个鸡蛋都等不到。还是他们的领班在煎店。一边煎还一边在吃。水果就更没什么好吃的了。住了几次就没吃到什么水果。。
1	希望大家也能像我一样，每家酒店都能尝试的住一下，因为每个酒店都各有特色
0	本书其实没说什么，也看不出价值在哪，作者倒是牛，把西医批评的一无是处，感觉就是根本不懂科学
1	还不错，可以住一下，并且建议你住高一点层次的房间
1	时时都在阅读着这篇令人太伤感的小说，我是那样的爱狗狗，也一直希望自己能养一只狗狗，也是天天观察着自己身边一些些可爱的狗，然而爸爸妈妈却因为家里的条件一直没有聊了我的心愿，当我看到了作者简介、文章简介，实在忍不住了，强烈要求父母给我买下它。狗狗这种伙伴，是给人开心、快乐和幸福的。而当我翻完此书的最后一页时，不禁有了非一般的伤感。同时，我敬佩作者与狗狗，并买下了金毛寻回犬……
1	我不是个偏激的人，所以我喜欢都各种各样的书。韩寒 和郭敬明的书我都回会去看，郭敬明写的东西比较的煽情，有时后觉得他写的东西让人很不能接受.......不过他的确是才华出众...可是韩寒写的东西却很有深度、内涵，他的书我会用心的去读很多边都不会觉得枯燥......《他的国》我正在看，觉得在文字上，他依然保持着他的风格....不过还是很喜欢。加油！我一定会一直喜欢你的作品的，所以韩寒你要加油写书咯！
0	本想卖给朋友作为英语入门的教材，没想到效果不佳，中英文夹杂着阅读确实不太习惯，还好是买了第一册。
0	卡梅拉是之勇敢的小鸡简单而执着我喜欢哦~同事的小宝宝也很喜欢~还有我将给我男朋友听的也很投入~
1	酒店环境很好，商务中心很热情．免费接送机服务很好．房间设施尚可，但浴室条件稍差，没有吹风机，热水也要早７：３０时以后才有．而且总说线路繁忙不能刷卡，房费要付现金，不太理解．
1	感觉非常奇怪,这套书我明明都写了两次评论了,可我的当当始终提醒我对这套书写评论!晕啊!这是套很好的书,也不用我写几次评论吧!
0	一本教女孩子怎么追求物质的书，值得大家伙这么追捧么？在这物欲横流的社会，有精神追求的人真是越来越少了~
1	买这个书实属意外，拿到书以后第一时间看完，意外地精彩。关于生活的琐碎，书里描写得是十分细微的。但并没有琐碎而使故事变得流俗，且作者笔调里的积极的那些东西十分地打动人。最喜欢邓佑真，一如她名字里的“真”字，她真是个十分讨喜的主角。画面感很好，大概是因为要电视剧化的缘故？总之，实在是太欢乐了，喝水吃东西时就不要看了……比较可惜的是，乔锐还是觉得着墨不够？小声说……
1	我订的是高级淑女房(双床),房间还算干净整洁，服务也还可以。早餐的种类有点少，但味道还行。办理退房的速度很快。总的来说，我和同事住得比较满意。
0	价格太高，性价比不够好。我觉得今后还是去其他酒店比较好。
0	非常容易看，一共也没几页，《庄子》的原文就占了53页，排版又稀疏，所以轻松搞定。给我的感觉是借着庄子的名声做文章，确实浅显。庄子讲了很多故事和寓言，这种原创性难能可贵，但于丹的这本书就没什么新意了。我没有听过她的讲座，也许加上体态语会生动引人，反正光看文字，可有比她强的作品。
1	今年去YZ的时候就选择在新世纪大酒店~ 4星,基本印象很不错~ 靠近瘦洗湖,个园,何园,只有十分钟左右的车程,附近有银行,报纸店,饭店,蛋糕店,茶餐厅,还有超市,应该说生活很便利~是旅游住宿的不错的选择 酒店装潢的还不错,我们去的时候免费升级到了23楼的房间.房间比较大,没有烟味和油烟味,感觉很好~ 每天都有房间清理,帮我们换上新的洗梳用品. 感觉很好~ 酒店备有插座转换器,自己过去就不用带了~ 有宽带,免费的哦:)~!~
1	当时买这个本儿就是冲着它漂亮+电池，性能啥的小本儿也没什么追求 不过升级了2G内存+重装了vista之后感觉还是不错的 而且比较皮实，去电脑城看了其他品牌的上网本后，尽管这个当时贵一些，还是入手了
1	大床房还不错，其他的没有看过。位置很好。希望菜做得更好吃
1	1699元能拥有本本和包非常满意，装XP也比想象中顺利。外观漂亮有大厂风范，键盘舒服。
1	速度挺快，前一天晚上订货，第二天中午就到了；送货人员态度特别好，石景山区的； 现在在用，顶多是一般，如果买的话推荐联想那款； 缺点：外壳太光滑，很很容易有划痕！键盘太难用，我上个是华硕的，没得比！
0	房间外声音太大，比较吵闹！直接到前台预定费用更合理。
1	看到评价及书的介绍，我自已很喜欢。我买了三本，因为书很厚，文字很多。我担心女儿不喜欢，因为她喜欢图画书。我先拿了一本回家，打算睡前给孩子讲，结果上一年级的女儿,自已看到书后，便一发不可收拾。根本不用我讲。一口气看完一本书后.才松了一口气.还问我还有没有买其他几本.为书中最后一头战象而叹息.为被象群踩断脊骨布哈依难过.现在每天睡前都让我再给她讲一遍。直到她睡着为止。
0	酒店太旧,不象4星,房间隔音太差,隔壁打了一晚麻将,太吵了
0	卫生条件比较差，真的很差！毛巾白里透着黑，马桶和地面已经分家，一碰就要倒。没有停车场，车放在马路边不是太安全
0	我共买了7本，大多书的纸质很差，很轻，像盗版，希望管理员能标明纸的质量，如果下次再发现这个问题退货。。
0	不知道是因为是翻译的书本还是其他原因感觉整本书老是围绕着相同的话题在重复
1	系统换XP后会更好用点。微软为什么一定要让生产商强制安装vista这种自以为很cool的大块头呢？如果能有包就更好了！
0	太玄了，反而不可信。给爸妈买了有一个月了，还是全新的，完全不敢兴趣。我看那么多人追捧，一直建议他们看，可自己看了几页，也扔到了一边，浮夸-----
0	<色,戒>是一本挂羊头卖狗肉的书,本来买回家准备过足读小说瘾,结果是一本短篇集.网上购物有缺陷,因为我们不能动手去翻要买的书,买者应该对其进行必要的,一目了然的说明,哪怕加一句?短篇集?,读者也不会对到手的书如此失望,啊.......受骗了
0	没有想象中的好，原来以为是一本风趣幽默的读本，可以轻松学外语。看了以后才发现内容只是一些普通的单词拼写上的错误纠正等，没意思。
1	入住的是260元的迷你标准间。感觉比想象的要好很多，房间如果住一个人很合适的，洗手间很大，很干净。房间里床上用品质量很不错，整洁如新。房间窗户为玻璃幕墙，无法打开换气。 这是距离大连火车站最近的酒店。前台服务态度很好，很热情，业务熟练。就是退房的时候，查房比较慢，人多的时候，要多等几分钟。 总体感觉还是可以的，交通极为便利。
1	性价比不错，本本的外观手感以及性能都还不错，到底是大品牌的东西。 送货速度快，头天中午下单的，第二天下午就送到了。
0	内存偏小，不过送了1G，就是2G了，还是怀念XP系统，不过照情况看来预装系统vista是大势所趋了
0	壳子太薄太嫩，显示屏旁边的塑料壳子用指甲一扣就翘起来了。 用了2个礼拜，划痕很多阿，懒得管了。 无线驱动不在光盘里，华硕的人比我还懒。 键盘里面掉了根大头针拿不出来了。。。
0	酒店空调有问题!蚊子太多!简直无法入睡!!!服务员的态度还不错的!
0	刚开机没一会 就很热了机子 作为10寸便携小本 还是厚了点 还是重了点 因为电池的缘故吧 因为蓄电时间的提升 忍了~
0	伟大领袖毛主席早以对孔孟之道思想作过批判,几千年来对广大的民众毒害之深.毛主席作出了名确的定论.对发展现代化的中国没有一点帮助.国人应彻底抛去之.
1	第一感觉就是门童服务很到位，前台服务也面带微笑。 房间比较宽敞明亮，上网速度也很快。 很满意的一家酒店！
1	通过携程预定的行政双床房(且提前付清房费)~最后居然给我们父女两人一间大床房~还一再申明没有双床房了~在我的一再要求下~最后虽然还是提供了双床房~但是印象大打折扣~ 补充点评 2008年3月24日 ： 温泉~住店客人是98/位~小鱼池是46~另外收费的~
1	最近一直在看这本书，我觉得很好。当初只是想看看南怀瑾，但又没耐心去一本本地买，毕竟南怀瑾先生的书都是讲课的内容，比较罗嗦。于是就挑了这本集南怀瑾先生佛、道、儒各种见解的书，开始的时候确实冲着南怀瑾去的，但现在不是了。作者的见解很简洁很明了，让我很容易接受，并且我们看法一致。也许这不是一本让人可以看了又看的书，却是一本让人一见如故的书，这就够了。
1	在衢州能住到这样的酒店算是很不错了，房间液晶电视，窗口看出去是条小河，还送了水果，算是很不错的啦，就是周围环境一般，没什么可以逛的...
1	虽然是老酒店，设备倒是很齐备，价格也合理。 地点十分方便：旁边是大马路解放路，往南一直走就到车站，往北直走可到铁塔。酒店四周有难以计数的手机店，要缴通话费或买储值卡都很方便。 设备齐全：连220V转110V的转接插座都有。 自助早餐：是当地风味的中式餐点，内容丰富。 服务态度：前台、客房服务、餐厅等人员都很和善，主动尽力为旅客提出帮助。人员服务态度真可比五星级。 真要找出待改进的地方，就是浴室狭窄了点。
0	做工不够细致，没主要表现为 启动按钮生涩 光驱合上时生涩 发热较大 外壳会粘手印
1	读过一次卡莉,心中总会有记忆,佩服她作为女性,能有这么艰难的优秀的经历,困难磨炼人的意志,激励人的斗志,卡莉经历了好多困难,但每次她都可以迎刃而解,勇敢的面对,让我心中升起自信的旗帜,高高飘扬,在以后的日子里如果有困难,我要学习卡莉,动脑筋想好每一件事,做到最好,我最佩服是卡莉的口才,她可以说服每一个人,这是努力的结果,我们也可以做到,只是做的未必好,未必恰当,这本书激励我努力做的更好,更好.....
1	酒店的服务很热情，对于我们的客房要求总能及时回应。 地理位置不错，离中山北街很近，吃饭方便。
0	第一次来当当买书，选择这本书看上的是它的销售量和顾客的评价。老实说，这本书没有多大的可读性，我儿子只对讲故事那册有兴趣，也许是年龄偏差吧，我儿子四岁。这本书的主打《忙忙碌碌镇》实在没有多少吸引人之处~~
0	我三个星期前定的货，配送公司星期六送货我没在公司，他们说三天后会再送，结果竟然给我当作退货处理了，耽误了我的时间，还让我评价，我评价个P，气死我了！以后再不在当当买书了～～～
0	这种酒店如果也算3星级酒店的话，我真的无话可说了。 从入住开始就不舒服： 因为没定到4星级的酒店，所以携程建议住这里，说是3星的，还可以。晚上12点多到的，check in时，服务员登记完也不问你刷卡还是付现金，直接告诉你，交500压金，我说我就200元现金，刷卡行不？ check in完了，就看不到服务员了，自己找电梯。电梯是迷你型的，瞠死能站4个人就不能动弹了。 房间一股难闻的怪味，闻着就反胃。桌子上不知道多久没擦过，用手摸了一下，漆黑的，那卫生纸擦了好几遍，凑合着先上网吧邮件发了。卫生间的门是破的，门框上全是大破洞，像是炮弹炸过的，房间没有暖气，半夜被冻醒了，找不到被子可以加的，只好把衣服压在身上，这才感觉身上不冷了。 早餐加上小菜一起，不超过10样，不知道吃什么，没有水果，吃了碗稀饭就算了。 check out时，服务员打电话到楼层让查房，1分钟后，服务员气凶凶的跟我说，你有没有拿黄页，要赔偿的。晕！！！什么黄页呀。问了半天，说是一本放在抽屉里的什么书不见了。靠，那么脏的桌子，抽屉我连碰都没碰，卫生间我连毛巾都没敢用，拿你什么破书干什么。你放没有放，或者是你放在别的地方了，自己找去。MD，什么破地方呀。折腾半天，还不让我走。最后我也不知道他们是找到了还是没找到，或者是他们发现自己根本就没放什么黄页，没有任何人向我解释，也没有人给我道歉，可是总算是可以让我走了，还不主动给我发票。要求打印后，给我出了份收据。 好在4星级的景德镇大酒店的房间已经出来了，可以住进去了。赶紧离开这个是非之地吧。 后来想想，前台打电话上去，然后1分钟左右楼上就打电话下来说不见了书，这么快的速度，好像早就知道少了什么似的，让人不能不怀疑其目的性了。
1	原以为Windows Vista 家庭普通版的软件很难用的，兼容性差，谁知一上手还是很好用，原来想装得东西都装上了，出乎意料之外。
0	淋浴头竟然自己掉了下来，后来修理好了。马桶一直堵。请求修理两次，态度很好，无奈技术不佳，最终没有解决，大便硬是憋着！
0	本书其实没说什么，也看不出价值在哪，作者倒是牛，把西医批评的一无是处，感觉就是根本不懂科学
1	不错，帮朋友选的，朋友比较满意，就是USB接口少了，而且全是在左边，图片有误
0	住过这么多酒店，从来没有住过这么小旧脏老臭的“大床房”！一进门就被一股臭味熏了出来，开了一天的窗户也不见减少多少。洗手间又小又脏，恶心死了！我和老公从进门开始，就只能一个在床上，一个才有站在地上的空间！ 唯一的好处：地点不错，下楼就是商业街，很热闹，晚上还有小吃，就在楼下，距大相国寺和山陕甘会馆也不远，走路即可。不过，对小吃的期望值千万不要太高，以免有上当受骗的感觉。价格姑且不论，卫生是实在没有办法入眼的。
1	我一直使用ThinkPad，从最初的380D到T系列，再到最近公司配的X200，得心应手。本台机子是为老婆买的，老婆很喜欢。
0	房间细小、地毡恐布，空调不够、服务差劣。应立刻取消预订服务。 免费注册 网站导航 宾馆索引 服务说明 关于携程 诚聘英才 代理合作 广告业务 联系我们 Copyright1999-2008, ctrip.com. all rights reserved.
1	酒店很大，服务太差，Ａ楼房间也老，下次再也不住了。环境很好，打高尔夫的或许可以忍忍吧。
1	配置很好,按键敲得爽,完美屏,超满意啊!比电脑城便宜多了,很爽啊!!!
1	原装正货，提货时，封贴什么都还没开的。因为第一次在京东购物，上门提货，看到货后，总算不担心品质问题。绝对是正品行货。 这次交易，特搞笑，25号晚上下单，26号上午再上来看下，既然发现有新促销返现100元，还好我是上门提货的，马上取消25号的单，重新又下了个单，省了100元。嘿嘿。
1	小巧玲珑，适合某些场合使用。至于网友说容易留指纹，确实是，但是擦一下就可以了。2990的价格确实低啊，性价比不错。至于重量，还ok吧，关键是电池重而已。
1	虽然案件发生的时代，离我们有点远，但是并不妨碍我们对真相的好奇完全没有时间错位的感觉，也没有阅读的凝滞感觉。只是细致入微的描写，有时候会让人觉得略显繁复，但是毕竟要交代细节这也是在所难免的吧，所以也就无所谓了。总体来说，还是很喜欢这部作品，构思精巧，无与伦比。无愧于黄金三大推理小说家的名头，还特地推荐其他朋友也来读读看，说不定和我一样会爱上推理的！
1	性能 外观 品牌完全满足刚入学的大学生上网 学习 玩游戏等等的一切需求 价格也不比台式机贵 京东又给开发票 替人代买东西还是有发票能说清楚也更放心
0	非常一般的酒店，完全不够4星的级别，到了才发现酒店外观和照片相差很远，不是很大。大堂很土，房间很冷，那天正好赶上下雨，入住的时候窗帘上拉上的，睡到半夜被冻醒了，早上起来才发现，原来窗户是开着的，为什么服务员不把窗户关上呢，也许是我太粗心了。洗澡的地方也不好，淋浴房很小，都伸展不开。床上的用品也很差，被子也薄。楼上的餐厅超贵，一个西红柿炒蛋要28还是38，刀磨的是相当的快呀！下次不会住了，太差了！
1	钢琴烤漆表面，很漂亮，外观大气。键盘与其他系列有所不同，配置很好，性能不错。还送杀毒软件，价格也不错。
1	纵然是再娇艳的花朵，作为和亲公主的皖雅，也逃脱不了所谓“贡物”的命运，绚烂一时的爱情，到头来终究抵不上江山一角。爱情，如此完美却又失落，皖雅的结局，苦涩却又实际地描绘了宫廷女子悲婉的一生。看尽世间无限遗憾，只因爱情如此脆弱。三个男人用不同的方式爱着这位花神，她本可换种选择使自己轻松，可她还是执着于她的爱，终究她的爱害了她，爱情总是这么威力无限！
1	海景花园是我所有住过的５星酒店中服务最好的一家，另外他们的粤式餐厅非常地道，并且价格合理，如果去青岛还会再选它。 Fantastic 5 star hotel, good location and environment, with best service and very nice staff, strongly recommend. The Cantonese restaurant is one of the best, worth to try!!! 补充点评 2008年7月29日 ： &#32431;&#20013;&#26041;&#31649;&#29702;&#65292;&#38750;&#24120;&#26834;&#65281;
0	这个宾馆太差了，厕所感觉不消毒，而且房间里面任何吃的东西都没有，连水都没有，电视而且都不清楚，门还不用，马桶的水要等半个小时在按才可以下去，如果不是车坏了别的酒店都满了，我是实在不想选这个酒店，宾馆服务人员态度不好，这
0	商品没问题！就是京东预定说是1-6天发货，可实际等了10天左右！其实等等也没关系，可是你京东6天发不了货，就别写1-6天可以发货！希望以后可以改进！
0	键盘不是很稳当，感觉好象要翘起来一样。 外表是真正的指纹收集器。
1	这是个童话故事，虽然不现实但让人向往，人与人之间的感情就是说不清理还乱，所以太热心的对待你不是真心喜欢的人，就很容易造成不堪的局面；谁都不想做祝福别人成全别人，自己独自寂寞的那个人，可不想和无奈是相对的，所以主主们都是来来回回的伤害着自己，真是造孽啊。有时候我在想为什么人人都想被宠着，但又不能对每个人负责，这是叫做自私吗？这种被宠着的感觉就像毒药，会上瘾会伤身。所以幸福是什么？
1	不能说没有一点点问题，但酒店所有员工都在用一种非常的热情给每一个客人以尽可能的服务，所以，我愿意把最高的评价给这个酒店。
1	我住过南京所有的五星酒店,选来选去还是这家(曾经的香格里拉).无论是硬件设施还是服务,都很无可挑剔...如果说缺点,就是房价很贵了,呵呵,但愿携程能谈下更优惠的房价啊.
0	于丹的，讲教还可以吧译注的当然是比较不上大师们的了。比较适合学生吧，做人做事的道理。
1	无点完美LED屏、接口丰富（1394、HDMI、eSATA、红外、蓝牙……）、性能强劲（3DMark 06跑了7000多分，快赶上我的台式机了）、发热量小（跑完3DMark 06机子表面大部分地方都几乎不感觉到热）
1	优点：1 房间大，也很干净。 2 地点不错，去那里都很方便。 3 服务态度好。 缺点：还没有发现。
1	CBD中心,周围没什么店铺,说5星有点勉强.不知道为什么卫生间没有电吹风
0	给朋友订的,原来计划2天,结果入住遭遇使得第二天改到凯悦了, 1)送朋友入住,所有的车位都上锁,只好找别的收费的,其实在同一个院子里 2)办理入住时竟说没查到有订房,不知是携程还是酒店的原因 3)房间的床上竟然有一条很长的血迹,恶心 4)所以要求换一个房间,被很不客气的告知只此一间,感觉给我房间是给我很大的恩惠和施舍了 5)竟然没有热水洗澡, 朋友强烈要求以后不要再订这家酒店了
1	新装修的酒店, 房间很新很好的, 作为万豪的金卡会员, 充分享受金卡的待遇, 很好.早餐的品种不够丰富.
0	房间小得无法想象,建议个子大的不要选择,一般的睡觉脚也伸不直.房间不超过10平方,彩电是14寸的,晕死,交通还算方便,离地铁不行10分钟内,但你必须知道哪条是正确的路,如果入住,必须要有心理准备,一个字"小"!
0	看这本书有种感觉就是作者在苦口婆心的告戒读者如何如何，为了证明她说的是对的，然后举一堆自己身边女性的例子来自圆其说。内容很空洞，说话很苍白无力。感觉没什么深度，我比较后悔买了这本书，不会再看第2次了。
1	个人觉得配置属于中高端，CPU级别高，内存大，音响效果不错。 笔记本外观比较时尚，键盘制作较精良。 独立显卡，摄像头清晰，应该满足了 。
0	做工一般，屏幕盖不严，应该是没有锁扣的原因，感觉没有图片中漂亮
1	小时候很孤单的日子养过2次狗，2次的结果都是狗被大人们打死做成菜吃了，从此，我不能回想与狗相处的日子，我会收藏很多毛茸茸的小玩具狗。狗是人类的好朋友，狗懂人心，狗有人性，可惜，“人”不懂人心，“人”也没有人性了，买下《再见了，可鲁：》这本书，收藏起儿时的记忆。愿人的心都归回上帝为亚当造的《伊甸园》，恢复“人之初，性本善”，每个人都和动物成为好朋友，世界就没有战争。
0	直接装vt,装前也要sata2驱动盘启动，然后许多设备都有？再从网上找驱动，折腾半天终于装好。惠普有病，不提供一张包括所有设备驱动程序的光盘。usb少，无1394。关机有轻微嘀声。bios能改项目少。
0	单人间房间极小，只能放下张小床和一张小沙发，第一个房间空调坏了，换了个房间，连沙发都没了！房间设施陈旧，只是卫生间还可以。根本达不到四星级标准，连如家这类商务酒店都赶不上，强烈不推荐
0	价格要是能再低点就更好了！京东应该多搞特价活动!快递的服务态度不是很好
0	建议携程不要和这家酒店合作,名曰三星,要我看准星级都勉强!首先不在市区里面(去涵江区打车还要10块钱,当然你能打到的话)在一条前不着村后不着店的公路旁,交通极其不便;其次一进入酒店就一股霉味,地毯上到处都是污渍,很像地图.最不能容忍的是有很多小虫子,到处乱爬.我正好赶上台风没有办法只能在那住要不我不敢保证还会住那里.
0	散热口很烫,可以加热水杯,也许AMD的CPU就这个德性,重装XP系统很麻烦
0	我是耐着性子看完的，无非是为了多一点谈资罢了。这样的书也会流行，说明我们大众的阅读水准还真不怎么地！
1	外观看上去还不错，不过有人不太喜欢镜面的，我个人比较喜欢，总之还算满意。
1	许多下围棋的人都会有一个困惑，那就是害怕对手的力量强，趴在战斗中吃亏，以及如何增强自己的战斗力。我也是，一直希望自己的力量增大，希望战斗中下出手筋获得优势，乃至胜利。还是看看战斗至尊坂田先生的棋吧！从他鹰隼般的捕捉战机的嗅觉和快如剃刀般的手法中一定能找到你想要的。我很喜欢这套书，她也是坂田先生毕生著作的精华，值得你拥有！
0	设备很简单 服务意识很差 餐厅的设施就跟街边的小滩一样，卫生条件很不好。
0	不知道前面这位弟兄是不是和我一样住的同一天。 我是7.24入住的，25日一早怀着极其极其悲愤的心情愤然离开。 对于房间，极度失望。 1、潮湿得不得了，一股浓重的霉味，叫来服务员，说是这几天下雨，比较潮湿，没有办法，要不喷点空气清洗剂。难道这是理由吗？一个4星的酒店，下两天雨，就要住客接受发霉的房间？？？什么逻辑？？？？？ 2、房间小得不得了。前面那位还有两张床的位子。我那间房间面积为6平方米，卫生间约2平方米！绝对不是危言耸听，我都拍下了照片，如果要和我对质的话，随时奉陪！！！！ 3、交通极不方便。让前台叫车，必须提前起码半小时，否则，嘿嘿，你就等着吧！ 4、床上用品！床上用品！！又潮又旧，我也都拍下了照片，床靠背上积着一层厚厚的灰。头发我就没找，因为就那环境，有头发根本不稀奇。 5、空调正对着床，因为床两头都顶着墙，因此无论空调朝哪里吹，都对着人。更要命的还在后面：晚上才发现——空调漏水（酒店要不信，去看看你们房间的墙面去），出风口挡板是不能固定的（只能一直摆动）。天哪，可怜的我们啊：打开窗，窗外是虫子不停的鸣叫和其他房间空调室外机的轰鸣；关上窗，6平米的房间闷的我们喘不过气。这叫酒店吗？我怎么觉得是被关在看守所里啊！！！ 6、我们订的两个一样的房间——商务单人间（因为预订的时候，很多房间已经没有了，只能订这个）。可另一间无论房间大小、房间内设备和物品，都比我们这间强很多，当我们问服务员为什么我们房间没有塑料拖鞋、没有“收费”食品（最普通的矿泉水也是收费的）的时候，服务员回答：“因为房间太小，放了这些就更小了！”同志们，是不是从这里又能感觉到房间真的有多小了吧？ 7、结帐的时候，竟然还问我：“对房间满意吗？”什么意思？？？我预订两天，结果住了一天就走了，你看不见吗？看不见也就算了，难道你不知道你们的这个房间有多小多差吗？？？？问这话什么意思？？？？？是不是要让我蹲了一晚“看守所”后，还要堆上笑容和你说：“啊，真舒服啊！！！”你们才满意？？？？ 8、我可以很负责任地说，我是一个很宽容的人，否则入住的时候、结帐的时候，我完全可以据理力争。大家也可以看看我之前对于入住酒店的评价，我想也足以证明一些什么。 9、最后一点，想对携程说：从携程创办之后不久，我就是你们的忠实会员，很久之前就成为了你们的钻石贵宾。我想对携程说，你们也有责任要向你们的会员推荐好的酒店，我们不奢求家家都价廉物美，但至少你们要把握住要将价不廉物极差的酒店排除出去，这点要求不过分吧？？？另外，如果你们需要，我可以把我住的房间照片给你们作为证据，或者提供给你们，让大家预订前先看看，这点实事求是的要求不难吧？ 10、客观地说，早餐还是不错的。服务员的态度还是可以的，虽然回答的内容让人直来气。 鉴于以上，我觉得此酒店总体让我非常失望。我们第二天一早就撤了！！以后也不敢再住了！！！！398元，我们加点钱，去住了“泛海名人酒店”，真是一个天一个地啊，着实让我体验了一把什么叫“从地狱到天堂”的感觉。 补充一点：离开青岛后去了郑州和山西，刚回来，正想上来发帖子，就看见了前面这位兄弟的评价，实在深有同感，故借鉴了几点意见进行了修改和补充，不过看的出，我住的房间应该比你的还要小。 奉劝看到帖子的各位，宁可去找个招待所，也别住这个4星酒店！！！切记切记！！！
0	我笔记本5月8日买,今天5月9日就发现接电源后,笔记本上的电源灯不亮了.倒霉啊,现申请换货中.
1	酒店设施较一般，但被单毛巾洁白干净，服务热情。 可能酒店系早年建设，地下车库没有直达大堂通道，不甚方便。 饭菜很对嗜辣者，如能兼顾南来北往客，增加一些非辣的菜肴更好。另希望通过服务技能。
0	当当虽然很便宜，原价是23.80.我买回是10块多，但里面很多页是漏印的，请当当网还是那个中国社会科学出版社检讨。
0	我们一家厦门四日游的最后一天就是选择了这家酒店，简直后悔死了。 先说交通，酒店有自己的码头，不过一小时只有一班船，错过就得苦等。而且码头也很简陋，我们一家有老有小，每次上下船都得小心翼翼。 再说环境，我们订的是豪华房，跑进去一看：里面的设施陈旧，衣柜的门很难关上，地板没扫干净。最要命的是空调只能制冷，浴室没有浴霸。大冬天的，岛上还比市区要低1－2度。打开水龙头，水是黄的，热水也很小，不要说洗澡，洗个脸都勉强。拉开窗帘，外面是一片工地！住在酒店里，心比天气还要冷...喜欢清静的人大概会喜欢这里，因为除了总台有2个人，其他工作人员基本难得一见，所以要什么都得自己想办法。本来想打个市话，结果告诉我开通市话要10元／天，晕！我就打个问讯电话，还是用手机吧！
0	（接上面的） 最后才发现左侧用了双面胶，这是什么意思啊！不想让我换内存？？我最讨厌那个东西了，这个东西意味着短时间看不出来，可是时间长了就会发现，这明显是厂家的态度问题，敷衍了事！
1	刚拿给女儿看这套书时，女儿以为又是让她学习的书，所以有些抵触，不想看。过了两天，我找一个女儿心情好的晚上和她一起躺在床上看。做过两本书上的练习之后，女儿全做对了，她一下子来了兴趣，说，这书好玩，我喜欢。就这样，我给女儿隔几天就做一下这套书上的练习，除了《简单的算术》那本她不喜欢也不会做（毕竟她才四岁），其余几本书她都喜欢看。有种成就感吧。
0	预装系统不咋地 XP系统BIOS改成IDE 启动项 第一项启动改成DVD 一切ok 没有像他们说的那么麻烦 光驱像发动机 哄哄的 送的瑞星真的很没必要 建议不要使用
0	370的房间，性价比很低，也就内地150的水平，自助餐品种那是相当的少，成天一堆喝得红赤胡脸的中年FB男出入，很不爽，决不再住
0	拿到的当天给他装xp，折腾n久没搞定，上网查才发现此款驱动比较搞，建议要买此款的买好vista盘先
1	看评论有的说书太小，不值;有的嫌大带起来不方便,个人量了下尺寸:书横宽14厘米，竖长16厘米，厚1.4厘米书的封面和内里排版都很喜欢,纸张效果感觉和美丽英文系列的一样,没办法，个人喜欢视觉效果， 呵呵看了两篇，冰心先生的翻译真的很棒像有位读者评论的，里面有错别字，这到是真的，如60篇,应该是?空?贝壳,但文章里是?宝?贝壳,不过不影响阅读,自己都能明白，估计是校对的不仔细
1	对于次级债的解说，可以参考如下网站：http://abeautifulmind.blog.hexun.com/27697932_d.html
0	房间太老了 服务不周到 不热情 交通还好 保安象混子 前台服务冷漠
0	请你们立即将我当当帐号里的10元 礼卷 取消掉！！！谁需要你们那破 礼卷 ！！不是明确告诉你们不要放这 礼卷 在我帐号中吗？本来那天接到你们的道歉电话我已经不再提这事了。不取消这破 礼卷 我将继续去“写评论”！！！你们怎么这么讨厌！！！KF051501056101361930
1	性价比较高,HP的服务态度也可以,摄像头相素较高,一般为30万相素,这款有130相素,送的包是原装包,比较喜欢.
1	离火车站、长途汽车站很近，打车起价就到（五分钟内），楼下有24小时营业的麦当劳（点餐可免费送至房间），出大门往左便是平原商场，其对面是影剧院。
0	携程提供的160元的普通标间没有任何竞争力,房间设施一般,床单破损,服务也一般.商务豪华标间部分房间不是没有电脑,便是电脑只是摆设,连启动都不能.我在升级更换房间时便三易房间才能够正常入住.期待改进.
0	（1）酒店册子介绍说房间内提供饮用水，水壶内没有水，给前台提意见。前台说饮用水就是卫生间的自来水（太恶心了），可以叫服务员来为我加水。冰箱内150毫升的国产饮用水要收费10元（外面买也就1-2元的饮用水）。（2）房间内收费的物品非常多，拖鞋（有免费拖鞋），袜子，等等，还有会动的套套，盒子上的文字这么写的。想的这么周全，为什么不提供饮用水呢？即使按平价收费，顾客也是情愿的。（3）给大堂经理提意见，也是狡辩加爱理不理的。（4）房间内的加湿器，对我这个南方人非常好。
0	没有想象中好。只是把问题都提出来了，却没有过多的对问题进行详解，有些虎头蛇尾。
1	我们于17日下午从迪斯尼好莱坞酒店来到市区入住这家饭店，饭店在一个胡同里面，没来过的还真不见得能很方便的找到。办理的速度很快，态度也很好，大约5分钟就搞定。来到房间后让我们有点不适应，因为真的很小，尤其是刚住过迪斯尼好莱坞酒店，房间面积大约只有10平米左右，卫生间大约3平米，显得有点旧，但吹风机、浴衣都有。饭店的服务人员态度很好，向他们打听些事情他们都会仔细解答，并提供建议。 这家饭店的位置很好，距离地铁站和SOGO大约步行7分钟，距离时代广场大约步行15分钟，地处繁华地带，又闹中取静。出大门向左230米就是公车站，去各处非常方便，每人才2-4块钱。我们在市区呆了2天，充分享受了地理位置的优越。在香港我们没有乘坐过地铁，因为在熟悉周围环境后，我们觉得做地面交通更方便。我们去太平山看香港夜景时乘坐的就是有轨电车，不仅方便便宜，还能欣赏香港的街景。 19号走时订购了机场送机服务，每人70块，非常值。因为打车到机场要300快，坐地铁也要大约200块，而且不用自己拉着行李到处跑。大型豪华旅游车，宽大的皮座椅，车上一共才7个人，真是太爽了，推荐大家采用。
1	还不错，就是比较难找，因为长宁路太长了。 打车的话，司机一般也找不到，浪费了很多时间。
1	去年无意中帮朋友预定过一次这个酒店，后来朋友每次来都要我预定这个酒店，我自己住过一次，也觉得感觉还不错，出行也很方便。
1	外观设计的好，做工精美，京东快递速度也很迅速，特别是2699-100的价格简直无可挑剔！
0	看评论说有卖到4299还送瑞星杀毒，就是不知道是何时，如果消息属实，那确实会有点郁闷！
1	马丁路德金的这个演讲一直是我最喜欢的，很振奋，他也是我最崇拜的人，他的声音时常给我带来力量和勇气。这本书有同样的魅力，看似神秘，但通过许多成功的人告诉我们，你该拥有一个梦想，这个梦想能够实现，这本书也会给你带来你需要的力量和勇气，你应该自信的面对自己的人生，乐观地追逐自己的梦想，快乐的生活着。千万不要错过这么一本堪称伟大的作品。只要你读懂他，你的幸福就不远了。
0	这个店太差房间有霉味,最不能忍受的是前台工作效率极低极低!
1	总体感觉还不错。房间很干净、简洁。 网上所披露的位于海河最美的一段，特意要了6层的房间，可是却没看到海河的影子……
1	拿到书的那天就开始练上了，纯粹是为了自己喜欢才买一本试试的，本来也没觉得有什么好，只是在每天坚持一页页练了一个周后，身边的人都说：丫头，写得有点样子了。心里一乐一琢磨，原来循序渐进是一种态度，坚持了，认真了，就有效果了。建议大家跟着书本的节奏走，不要贪后面的字漂亮就先划着先了，跑之前还是得学会走，是吧！当然，这是我一个初学者的建议。
0	内存较为少了一点，电池的位置比较导致掌托左边容易发热，散热在后面，但是USB鼠标使用起来的话，必须经过散热位，会导致USB线容易发热啊！ 还有就是显示器的缝合比较大间隙，所以磨具需要改进一下。
0	之前看到过铺天盖地的赞扬,自己就将信半疑的去买了，打开看,从引子就看市喜欢上它了，还有拉拉,小人物式的描写很贴近我们平常的工作和生活状态,书中的一些章节不仅具有参考意义更有学习意义!
0	这本书令我太失望了，写得一点都不深入，感觉是为自己做广告一样，再也不买国内出的这类书了。
1	服务:整体勉强有4星级水平 问题:硬件水平偏低,房间隔音效果差,门薄墙薄,结账时间偏长,早餐质量偏低,不过在该地段,也没有比这家更好地宾馆供选择.
1	朋友推荐的好书,夫妻就是相爱容易相处很难的,生活中的磕碰需要用相爱的心去平衡一下,夫妻相处之道讲的就是艺术,特别是妻子生活的智慧,结婚20多年了正需要调整一下,已没有新鲜已不会撒娇说话凶巴巴的,生活的磨砺使我成了强悍的主妇,叫别人如何宠你爱你?我看了还是收获不少的.真的要好好撒撒娇,真的要好好享受生活,要不我们辛辛苦苦创建的家庭只有拱手让给二奶了,为了家庭更是为了自己的幸福,学习中.
0	说实话,环境很不好,在老火车站旁边,虽然新的火车站启用了,不会吵闹了,可是我不明白为什么装修还没到位,根本比不上大城市的3星级酒店,而且通过携程定的房间真的不怎么地,我再次通过携程定了厦门的酒店,如果真的像大多数网友说的,携程定房虽然便宜点,可房间是酒店有差级的话,绝对不相信携程了!!! 补充点评 2008年2月19日 ：
1	京东最便宜的14寸本,塑料外壳,性价比高,T4200的CPU,G40的主板,DVD刻录,160G的硬盘,配置上真的很有性价比,现在主流的配置,好!
1	最喜歡這部，雖然很是賺走了我的眼淚，發現自己越來越愛看這些悲情的，讓人揪心疼痛的文字，匪大的確是後媽來的，東子對佳期的愛是絕對獨一無二的，可是真愛的未必能在一起，記得那句“那時候年輕，什麼都沒有，可是有勇氣！”現在的自己已經是連勇氣都沒有了，只能看著這樣的小說慰籍自己，愛就是那麼不圓滿，要看得開放得下！難啊，難！
1	键盘设计得很不错，比14寸的还好用 几个快捷键是感应的，实用 小巧
1	房子还好，地理位置也还不错，但是不值得这样的价位。同样的水平，徐汇区的华亭宾馆才600多元，这里却要1000元。
0	键盘上的键敲得稍微快点的时候，有些字母明明敲了，但是就是没上去。好像主要是在左边的键。
0	本来是想买回来送好朋友的，可是翻开一看，内容也太简单了，就是画了些小汽车，小动物什么的，就退货了。
1	以前在京东买过一个as5530的机器3999元。也是780g的主板，用起来还可以。这次给表妹挑机器，本来用不了什么独立显卡的，后来想象还是不错的，最起码看接等离子看高清不会卡了。这款机器就算价格便宜量又足了。 另外，这个机器没有摄像头（麦克风不知道有没有，机器拿到后忘了试了），可能许多朋友感到不舒服，对我来说正好。给读书的小妹妹用，本来就要限制她用QQ聊天，没了摄像头更是省的什么视频对话了。
0	比BC6的不足就是没有蓝牙。虽然BC6要贵些，不过看到京东卖到断货就知道群众的眼睛是雪亮的呵呵。
1	房间比较干净舒适！松江商务型酒店比较少！这家酒店还可以！
1	今年第二次入住该酒店，这次和好友一起去HK购物，还是首选这间酒店，虽然，酒店离市区较远，但是，在尖沙嘴的半岛酒店那里有免费的班车（整点一趟）回酒店。酒店的房间很大，大约有二十几平方，我住了二次都是有无敌海景的房间，住入时选择靠游艇俱乐部这边的房间，都可以看到海，另外，六楼以下的房间还有一个露台，感觉非常好。酒店的早餐也非常丰富（值得一试），可以坐在露天的花园边上吃，吃完早餐去花园走走，感觉真的很好。出酒店不远的地方就是沙滩，酒店不远处也有7-11（24小时便利店），小超市（里面有新鲜的水果卖），还有一个吃东南亚菜的餐馆，名字不记得了。酒店唯一另人不太满意的地方就是房间内设施比较陈旧，不过洗手间是很不错的，有一个单独的沐浴间。如是你是一家去HK渡假，选这间酒店，一定错不了。
0	女人，尤其是女孩，心思细密，敏感浪漫，更容易好高务远，一想天开。这本书就是让女人懂得要脚踏实地，不要心高手低，也不要以为爱情会是幸福生活的全部。总的来说还不错，但我更喜欢《女人的幸福与什么有关》，感觉更贴合中国女人的实际。
1	故事里的主角就和自己一样是个平凡的人，有自己的梦想但是也有自己的很多缺点，在不断的努力中一直在反思自己和自己所走的道路。不过我想在这个故事里主角无论什么时候都是很幸福的，不管是打工不顺利还是一个人走在街上感到寂寞孤独，但是至少每当拿起电话的时候都有来父母的问候，就感觉一直不孤单了。很有趣的书，不过是平静和小小的幽默的那样的。作者一如既往的那种风格。推荐。
0	晚上有很多按摩小姐打电话，很烦！ 告诉他们不要再打了还是照样打！ 前台无法用信用卡预授权，一定要现金交押金，而且还不然存放行李，搞得我拖着行李去银行取钱！（还好银行近，要不...）
0	收到后，发现光盘上尽然有道裂缝，已联系dangdang退货，建议dangdang换个快递吧。
1	基本的配置还可以，非常轻，现在每天来回去办公室，背在身上一点感觉都没有。如果不满意配置，可以自己买配件升级，花不了多少钱，自己动手也很简单，IBM的接口打开很方便。高配的机型卖价高，但是差价多买一套配件还有多的。换下来的配件也可以卖，或者留下来自用。我同时买了一个320G的硬盘和2G的内存，把原配硬盘换下来做移动硬盘，花的钱比高配的机型价格还要低几百块，手里还多了一个移动硬盘。
1	在可以返现的时候买到，总体来说速度也还可以，在这个价格上来说，很不错了。
0	总体感觉比较差,房间家具老旧,商务套间的地毯居然到处是黑斑,让人看了心里非常不舒服。我们因为工作关系，每个月都有几天住在昆山，我的同事们也一致评价誉兴太脏。以后只要有其他的选择，坚决不住誉兴。
1	这本书真的是挺实用的，里面的内容都很口语化，很地道。附带的光碟有录音，很纯正，存到MP3里，没事的时候经常拿出来听听，效果很不错，都是些日常生活中的简单却很实用的句子，话题也很广泛。总之，物有所值。而且，这本书是我在图书大厦看好了回来才在网上买的，事先在几家网站比较了一下，当当是最优惠的哦！呵呵，以后会继续光顾的。同时也希望当当再接再厉，努力做好服务，回馈顾客。
0	说明书不详细，系统开机不能进入，不知道三星的屏好吗？有人说是友达LED的，究竟哪个好些？？
1	6月8日遗忘在3226房间的iPod和挂绳耳机已经收到，谢谢白云山庄！ 此次白云山庄的中餐厅美食、酒店的管理服务给我们留下了很好的印象，赞一个！
0	订单184477629，为什么2007-7-11 14:43:34出库，到今天7月21日下午15：30都没有任何信息？当当网承诺的5-6天送达的口号是否属实？为何拨打维护热线没有办法解释？当当网是否对自己物流送达情况完全不知道？对客户是否有承诺？客户投诉有没有解决办法？ 这是我的第二次订单，第一次订单号162957864,超过20天才收到书籍，请问这次需要几天？前一次说春节人没上班，这次呢？什么理由？ 有没有人能回答我，我的书在哪了，为什么会这样的？
1	酒店住宿环境不错，前台服务很热情，房间可以看到长江和葛洲坝，就是卫生间的淋浴设施不太好用，总体而言还是不错的地方！
0	国产代工，电池部分设计不合理，装上电池后，与键盘平行的那一面有一点点高起来，有可能与屏接触。
1	价钱还没搞明白，货到了就掉了100，这点确实有点汗， 不过东东还没得说，买来就换了XP用着没得说！ 上网本的选择！
0	我一共买了6台电脑刚送到，送过来就付款了，也没拆箱，刚拆箱就吓了一跳，按键的键盘都敲起来了，我晕，你们卖的是行货吗，是不是返修机呀，我要求退货！到现在还没退！
1	代朋友买的，他非常喜欢，原来买的不小心掉在了公共汽车上，又买了一本
1	价格偏高,服务一般.窗外风景ok.早餐还不错
1	世界著名比较法学者大木雅夫之著作，该学者为德国比较法学者茨威格特之高足，曾留学德国，精通数种外文，对比较法学更是有自己深刻而独到之见解。作为东洋人，其思维成长之文化氛围与中国有些相似，因此研习此书对学习比较法的中国人来说，当有极大之裨益。可将此书与茨威格特氏之比较法总论对读，必可获益匪浅。
0	一个词----"大失所望"!!!去广州之前,在携程上研究了半天,后来应老公的要求选择了Elan,因为他从欧洲带过来的那本"CHINA----lonely planet"上极尽完美之辞的推荐了该酒店.网上看图片和介绍,觉得应该也不错(没有查点评),我当时认为应该和"有一家"的水平差不多. 可是一进房间,发现和图片实在相差太远.房间小得可怜,没有地方放行李,甚至连坐的地方都没有.一张小得可怜的写字台上有一台小得可怜的"液晶电视".如果你想躺在床上看电视,恐怕需要一双"千里眼";如果你想使用那张写字台,那你一定需要很苗条,才能坐在那个位置,并且需要带一台小于12寸的笔记本，否则是放不下的. 房间也不干净,首先进去的那间330元的大床房,马桶里居然还漂着头发.后来立马换了间560元的套房,其实也就稍微大一点点,多了个坐的地方,有沙发和桌子及大一点的普通电视.房间设施很陈旧,地板有些地方已经翘起来了,隔音不好,热水水压也不够..... 前台服务还不错,服务员能说英语;但是压根没见到行李生. 个人感觉,不值那个价钱;个人意见,不推荐入住!
0	给我感觉跳的不大好，我不喜欢她写的这本书，内容少，有许多一样的思想在书不同的地方出现很多次，但表达的意思几乎相同。有点骗人的感觉。
1	酒店离兰桂坊和soho美食区比较近。酒店门口有直达巴士到铜锣湾。在半山高尚地段算是性价比不错的酒店了。　
0	1 酒店基本需要用品没有，比如要求转换插头、水壶，也一律欠缺！欠缺理由为“由于全家酒店客房已满，所以没有任何多一个后备用品作替换”（这是酒店服务员原话） 2 酒店水壶内有残余物，约一元硬币那么厚。酒店服务员竟然说“知道这个情况，但是没有办法”！ 3 酒店早餐很差，不像3星酒店应有水平， 4 冬天的暖气空调是按需提供，不问基本不给； 5 暖气跟呼噜一样，整个晚上吵到天明（因为本人天明就马上退房）； 6 热水器名不符实，应该叫“水器”，因为基本不热
